Gene	Chr	Start	End	p.Cauchy.all	p.Cauchy.common	p.Cauchy.rare	burden_MAC<5	burden_MAF<0.01&MAC>=5&Beta	burden_MAF>=0.01&Beta	burden_MAF<0.01&MAC>=5&CADD	burden_MAF<0.01&MAC>=5&Polyphen	dispersion_MAC<5	dispersion_MAF<0.01&MAC>=5&Beta	dispersion_MAF>=0.01&Beta	dispersion_MAF<0.01&MAC>=5&CADD	dispersion_MAF<0.01&MAC>=5&Polyphen	singleCauchy_MAF<0.01&MAC>=5	singleCauchy_MAF>=0.01
LDLR	19	11200228	11241989	0.000000000779260878047694	NA	0.000000000779260878047694	0.00016037623065578	0.0184092566513089	NA	0.0321342743524851	0.0202511267875307	NA	0.00143899454630891	NA	0.00307727600258412	0.00178251926273143	0.0000000000974076375115374	NA
